id,faction,nom,type,sous_type,cout,pv,puissance,mission,effet,note_design,source_factuelle,basique
RUS-001,Russie,Su-57 — Approche à faible signature,Appareil,Chasseur multirôle furtif,7,12,7,2,"Attaque 7 — frappe multirôle. **Furtif.** **Formation —** après son déploiement, un autre Appareil gagne Agile jusqu’à votre prochain tour.","V = 12 + 1,5×7 + 2,5×2 + 2,0 + 1,0 − 0,0 = 30,5; cible T(7) = 31 (écart -0,5).",UAC Su-57; RUSI 2026,False
RUS-002,Russie,Su-57 — Chasse à longue portée,Appareil,Chasseur multirôle furtif,7,14,8,1,"Attaque 8 — engagement au-delà de la vue. **Furtif.** Quand cet Appareil intercepte une cible de Mission 2 ou plus, il gagne +1 Puissance.","V = 14 + 1,5×8 + 2,5×1 + 2,0 + 1,0 − 0,0 = 31,5; cible T(7) = 31 (écart +0,5).",UAC Su-57; RUSI 2026,False
RUS-003,Russie,Su-35S — Patrouille guidée du sol,Appareil,Chasseur de supériorité,6,13,6,1,Attaque 6 — interception lourde. **Blindage 1.** **Formation —** cet Appareil gagne +1 Puissance pendant sa première Interception de chaque tour.,"V = 13 + 1,5×6 + 2,5×1 + 1,5 + 1,0 − 0,0 = 27,0; cible T(6) = 27 (écart +0,0).",UAC Su-35; RUSI 2026,False
RUS-004,Russie,Su-35S — Couverture en formation,Appareil,Chasseur de supériorité,6,13,5,2,"Attaque 5 — combat multirôle. Tant qu’un autre Appareil est redressé, le premier dégât infligé à cet Appareil chaque tour est prévenu.","V = 13 + 1,5×5 + 2,5×2 + 0,0 + 1,5 − 0,0 = 27,0; cible T(6) = 27 (écart +0,0).",UAC Su-35; RUSI 2026,False
RUS-005,Russie,Su-30SM — Patrouille guidée du sol,Appareil,Chasseur multirôle,5,10,5,1,Attaque 5 — interception lourde. **Blindage 1.** **Formation —** cet Appareil gagne +1 Puissance pendant sa première Interception de chaque tour.,"V = 10 + 1,5×5 + 2,5×1 + 1,5 + 1,0 − 0,0 = 22,5; cible T(5) = 23 (écart -0,5).",UAC famille Su-30SM,False
RUS-006,Russie,Su-30SM — Couverture en formation,Appareil,Chasseur multirôle,5,10,4,2,"Attaque 4 — combat multirôle. Tant qu’un autre Appareil est redressé, le premier dégât infligé à cet Appareil chaque tour est prévenu.","V = 10 + 1,5×4 + 2,5×2 + 0,0 + 1,5 − 0,0 = 22,5; cible T(5) = 23 (écart -0,5).",UAC famille Su-30SM,False
RUS-007,Russie,Su-30SM2 — Patrouille guidée du sol,Appareil,Chasseur multirôle modernisé,6,13,6,1,Attaque 6 — interception lourde. **Blindage 1.** **Formation —** cet Appareil gagne +1 Puissance pendant sa première Interception de chaque tour.,"V = 13 + 1,5×6 + 2,5×1 + 1,5 + 1,0 − 0,0 = 27,0; cible T(6) = 27 (écart +0,0).",RUSI 2026,False
RUS-008,Russie,Su-30SM2 — Couverture en formation,Appareil,Chasseur multirôle modernisé,6,13,5,2,"Attaque 5 — combat multirôle. Tant qu’un autre Appareil est redressé, le premier dégât infligé à cet Appareil chaque tour est prévenu.","V = 13 + 1,5×5 + 2,5×2 + 0,0 + 1,5 − 0,0 = 27,0; cible T(6) = 27 (écart +0,0).",RUSI 2026,False
RUS-009,Russie,Su-34 — Frappe tout temps,Appareil,Chasseur-bombardier,6,12,5,2,Attaque 5 — attaque guidée. **Blindage 1.** **Formation —** retirez 1 dégât de cet Appareil lorsqu’il accomplit une Mission.,"V = 12 + 1,5×5 + 2,5×2 + 1,5 + 1,0 − 0,0 = 27,0; cible T(6) = 27 (écart +0,0).",UAC Su-34; RUSI 2026,False
RUS-010,Russie,Su-34 — Appui de profondeur,Appareil,Chasseur-bombardier,6,13,6,1,"Attaque 6 — attaque lourde. **Barrage 1.** Après l’Interception, la cible ne peut pas être redressée par un effet ce tour.","V = 13 + 1,5×6 + 2,5×1 + 1,5 + 1,0 − 0,0 = 27,0; cible T(6) = 27 (écart +0,0).",UAC Su-34; RUSI 2026,False
RUS-011,Russie,MiG-31BM — Patrouille guidée du sol,Appareil,Intercepteur,6,13,6,1,Attaque 6 — interception lourde. **Blindage 1.** **Formation —** cet Appareil gagne +1 Puissance pendant sa première Interception de chaque tour.,"V = 13 + 1,5×6 + 2,5×1 + 1,5 + 1,0 − 0,0 = 27,0; cible T(6) = 27 (écart +0,0).",Sources publiques corroborées,False
RUS-012,Russie,MiG-31BM — Couverture en formation,Appareil,Intercepteur,6,13,5,2,"Attaque 5 — combat multirôle. Tant qu’un autre Appareil est redressé, le premier dégât infligé à cet Appareil chaque tour est prévenu.","V = 13 + 1,5×5 + 2,5×2 + 0,0 + 1,5 − 0,0 = 27,0; cible T(6) = 27 (écart +0,0).",Sources publiques corroborées,False
RUS-013,Russie,MiG-31K — Salve à distance,Appareil,Porteur de missile,7,10,8,3,Attaque 8 — missiles de croisière. **Blindage 1.** Cet Appareil arrive avec 1 dégât sur lui.,"V = 10 + 1,5×8 + 2,5×3 + 1,5 + 1,0 − 1,0 = 31,0; cible T(7) = 31 (écart +0,0).",Sources publiques corroborées,False
RUS-014,Russie,MiG-31K — Frappe de saturation,Appareil,Porteur de missile,7,10,9,2,Attaque 9 — charge lourde. **Barrage 1.** **Formation —** Barrage inflige 1 dégât supplémentaire si un autre bombardier est redressé.,"V = 10 + 1,5×9 + 2,5×2 + 1,5 + 1,5 − 0,0 = 31,5; cible T(7) = 31 (écart +0,5).",Sources publiques corroborées,False
RUS-015,Russie,MiG-29SMT — Patrouille guidée du sol,Appareil,Chasseur multirôle,4,8,4,1,Attaque 4 — interception lourde. **Blindage 1.** **Formation —** cet Appareil gagne +1 Puissance pendant sa première Interception de chaque tour.,"V = 8 + 1,5×4 + 2,5×1 + 1,5 + 1,0 − 0,0 = 19,0; cible T(4) = 19 (écart +0,0).","Sources publiques, parc sans chiffre",False
RUS-016,Russie,MiG-29SMT — Couverture en formation,Appareil,Chasseur multirôle,4,8,3,2,"Attaque 3 — combat multirôle. Tant qu’un autre Appareil est redressé, le premier dégât infligé à cet Appareil chaque tour est prévenu.","V = 8 + 1,5×3 + 2,5×2 + 0,0 + 1,5 − 0,0 = 19,0; cible T(4) = 19 (écart +0,0).","Sources publiques, parc sans chiffre",False
RUS-017,Russie,MiG-29K — Patrouille guidée du sol,Appareil,Chasseur embarqué,5,10,5,1,Attaque 5 — interception lourde. **Blindage 1.** **Formation —** cet Appareil gagne +1 Puissance pendant sa première Interception de chaque tour.,"V = 10 + 1,5×5 + 2,5×1 + 1,5 + 1,0 − 0,0 = 22,5; cible T(5) = 23 (écart -0,5).","Sources publiques, aviation navale",False
RUS-018,Russie,MiG-29K — Couverture en formation,Appareil,Chasseur embarqué,5,10,4,2,"Attaque 4 — combat multirôle. Tant qu’un autre Appareil est redressé, le premier dégât infligé à cet Appareil chaque tour est prévenu.","V = 10 + 1,5×4 + 2,5×2 + 0,0 + 1,5 − 0,0 = 22,5; cible T(5) = 23 (écart -0,5).","Sources publiques, aviation navale",False
RUS-019,Russie,Su-27SM3 — Patrouille guidée du sol,Appareil,Chasseur modernisé,4,8,4,1,Attaque 4 — interception lourde. **Blindage 1.** **Formation —** cet Appareil gagne +1 Puissance pendant sa première Interception de chaque tour.,"V = 8 + 1,5×4 + 2,5×1 + 1,5 + 1,0 − 0,0 = 19,0; cible T(4) = 19 (écart +0,0).","Sources publiques, parc sans chiffre",False
RUS-020,Russie,Su-27SM3 — Couverture en formation,Appareil,Chasseur modernisé,4,8,3,2,"Attaque 3 — combat multirôle. Tant qu’un autre Appareil est redressé, le premier dégât infligé à cet Appareil chaque tour est prévenu.","V = 8 + 1,5×3 + 2,5×2 + 0,0 + 1,5 − 0,0 = 19,0; cible T(4) = 19 (écart +0,0).","Sources publiques, parc sans chiffre",False
RUS-021,Russie,Su-25SM3 — Frappe tout temps,Appareil,Appui rapproché,4,7,3,2,Attaque 3 — attaque guidée. **Blindage 1.** **Formation —** retirez 1 dégât de cet Appareil lorsqu’il accomplit une Mission.,"V = 7 + 1,5×3 + 2,5×2 + 1,5 + 1,0 − 0,0 = 19,0; cible T(4) = 19 (écart +0,0).",Sources publiques corroborées,False
RUS-022,Russie,Su-25SM3 — Appui de profondeur,Appareil,Appui rapproché,4,8,4,1,"Attaque 4 — attaque lourde. **Barrage 1.** Après l’Interception, la cible ne peut pas être redressée par un effet ce tour.","V = 8 + 1,5×4 + 2,5×1 + 1,5 + 1,0 − 0,0 = 19,0; cible T(4) = 19 (écart +0,0).",Sources publiques corroborées,False
RUS-023,Russie,Su-24M2 — Salve à distance,Appareil,Bombardier tactique,5,5,6,3,Attaque 6 — missiles de croisière. **Blindage 1.** Cet Appareil arrive avec 1 dégât sur lui.,"V = 5 + 1,5×6 + 2,5×3 + 1,5 + 1,0 − 1,0 = 23,0; cible T(5) = 23 (écart +0,0).","Sources publiques, parc sans chiffre",False
RUS-024,Russie,Su-24M2 — Frappe de saturation,Appareil,Bombardier tactique,5,4,7,2,Attaque 7 — charge lourde. **Barrage 1.** **Formation —** Barrage inflige 1 dégât supplémentaire si un autre bombardier est redressé.,"V = 4 + 1,5×7 + 2,5×2 + 1,5 + 1,5 − 0,0 = 22,5; cible T(5) = 23 (écart -0,5).","Sources publiques, parc sans chiffre",False
RUS-025,Russie,Yak-130 — Patrouille guidée du sol,Appareil,Entraînement et appui léger,3,6,3,1,Attaque 3 — interception lourde. **Blindage 1.** **Formation —** cet Appareil gagne +1 Puissance pendant sa première Interception de chaque tour.,"V = 6 + 1,5×3 + 2,5×1 + 1,5 + 1,0 − 0,0 = 15,5; cible T(3) = 15 (écart +0,5).",UAC Yak-130,False
RUS-026,Russie,Yak-130 — Couverture en formation,Appareil,Entraînement et appui léger,3,6,2,2,"Attaque 2 — combat multirôle. Tant qu’un autre Appareil est redressé, le premier dégât infligé à cet Appareil chaque tour est prévenu.","V = 6 + 1,5×2 + 2,5×2 + 0,0 + 1,5 − 0,0 = 15,5; cible T(3) = 15 (écart +0,5).",UAC Yak-130,False
RUS-027,Russie,Tu-160M — Salve à distance,Appareil,Bombardier stratégique,8,12,9,3,Attaque 9 — missiles de croisière. **Blindage 1.** Cet Appareil arrive avec 1 dégât sur lui.,"V = 12 + 1,5×9 + 2,5×3 + 1,5 + 1,0 − 1,0 = 34,5; cible T(8) = 35 (écart -0,5).",UAC Tu-160,False
RUS-028,Russie,Tu-160M — Frappe de saturation,Appareil,Bombardier stratégique,8,12,10,2,Attaque 10 — charge lourde. **Barrage 1.** **Formation —** Barrage inflige 1 dégât supplémentaire si un autre bombardier est redressé.,"V = 12 + 1,5×10 + 2,5×2 + 1,5 + 1,5 − 0,0 = 35,0; cible T(8) = 35 (écart +0,0).",UAC Tu-160,False
RUS-029,Russie,Tu-95MS — Salve à distance,Appareil,Porte-missiles stratégique,8,12,9,3,Attaque 9 — missiles de croisière. **Blindage 1.** Cet Appareil arrive avec 1 dégât sur lui.,"V = 12 + 1,5×9 + 2,5×3 + 1,5 + 1,0 − 1,0 = 34,5; cible T(8) = 35 (écart -0,5).",UAC Tu-95MS; Reuters,False
RUS-030,Russie,Tu-95MS — Frappe de saturation,Appareil,Porte-missiles stratégique,8,12,10,2,Attaque 10 — charge lourde. **Barrage 1.** **Formation —** Barrage inflige 1 dégât supplémentaire si un autre bombardier est redressé.,"V = 12 + 1,5×10 + 2,5×2 + 1,5 + 1,5 − 0,0 = 35,0; cible T(8) = 35 (écart +0,0).",UAC Tu-95MS; Reuters,False
RUS-031,Russie,Tu-22M3 — Salve à distance,Appareil,Bombardier à long rayon,7,10,8,3,Attaque 8 — missiles de croisière. **Blindage 1.** Cet Appareil arrive avec 1 dégât sur lui.,"V = 10 + 1,5×8 + 2,5×3 + 1,5 + 1,0 − 1,0 = 31,0; cible T(7) = 31 (écart +0,0).",UAC gamme stratégique; Reuters,False
RUS-032,Russie,Tu-22M3 — Frappe de saturation,Appareil,Bombardier à long rayon,7,10,9,2,Attaque 9 — charge lourde. **Barrage 1.** **Formation —** Barrage inflige 1 dégât supplémentaire si un autre bombardier est redressé.,"V = 10 + 1,5×9 + 2,5×2 + 1,5 + 1,5 − 0,0 = 31,5; cible T(7) = 31 (écart +0,5).",UAC gamme stratégique; Reuters,False
RUS-033,Russie,A-50U — Contrôle aéroporté,Appareil,Alerte et contrôle,6,15,3,2,"Attaque 3 — autodéfense. **Blindage 1.** Au déploiement, regardez les 2 premières cartes de votre deck et replacez-les dans l’ordre voulu.","V = 15 + 1,5×3 + 2,5×2 + 1,5 + 1,0 − 0,0 = 27,0; cible T(6) = 27 (écart +0,0).","Sources publiques, disponibilité non chiffrée",False
RUS-034,Russie,A-50U — Coordination de secteur,Appareil,Alerte et contrôle,6,17,2,2,"Attaque 2 — veille radar. **Formation —** une fois par tour, un autre Appareil qui intercepte gagne +1 Puissance.","V = 17 + 1,5×2 + 2,5×2 + 0,0 + 2,0 − 0,0 = 27,0; cible T(6) = 27 (écart +0,0).","Sources publiques, disponibilité non chiffrée",False
RUS-035,Russie,Il-76MD-90A — Pont logistique,Appareil,Transport lourd,5,12,2,2,"Attaque 2 — autodéfense. **Blindage 1.** Au déploiement, reprenez une Ressource engagée en main; vous pouvez jouer une Ressource supplémentaire ce tour.","V = 12 + 1,5×2 + 2,5×2 + 1,5 + 1,5 − 0,0 = 23,0; cible T(5) = 23 (écart +0,0).",UAC Il-76MD-90A,False
RUS-036,Russie,Il-76MD-90A — Déploiement avancé,Appareil,Transport lourd,5,14,3,1,"Attaque 3 — couverture de transport. Le prochain Appareil de coût 3 ou moins coûte 1 de moins ce tour, minimum 1.","V = 14 + 1,5×3 + 2,5×1 + 0,0 + 1,5 − 0,0 = 22,5; cible T(5) = 23 (écart -0,5).",UAC Il-76MD-90A,False
RUS-037,Russie,Il-78M — Ravitaillement de régiment,Appareil,Ravitailleur,5,15,2,1,"Attaque 2 — autodéfense. **Blindage 1.** Au déploiement, redressez une Ressource.","V = 15 + 1,5×2 + 2,5×1 + 1,5 + 1,0 − 0,0 = 23,0; cible T(5) = 23 (écart +0,0).",UAC famille Il-78,False
RUS-038,Russie,Il-78M — Allonge opérationnelle,Appareil,Ravitailleur,5,15,1,2,Attaque 1 — écran logistique. **Formation —** le prochain Appareil que vous déployez ce tour gagne +1 PV.,"V = 15 + 1,5×1 + 2,5×2 + 0,0 + 1,5 − 0,0 = 23,0; cible T(5) = 23 (écart +0,0).",UAC famille Il-78,False
RUS-039,Russie,An-124-100 — Pont logistique,Appareil,Transport stratégique,6,14,3,2,"Attaque 3 — autodéfense. **Blindage 1.** Au déploiement, reprenez une Ressource engagée en main; vous pouvez jouer une Ressource supplémentaire ce tour.","V = 14 + 1,5×3 + 2,5×2 + 1,5 + 1,5 − 0,0 = 26,5; cible T(6) = 27 (écart -0,5).","Sources publiques, aviation de transport",False
RUS-040,Russie,An-124-100 — Déploiement avancé,Appareil,Transport stratégique,6,17,4,1,"Attaque 4 — couverture de transport. Le prochain Appareil de coût 3 ou moins coûte 1 de moins ce tour, minimum 1.","V = 17 + 1,5×4 + 2,5×1 + 0,0 + 1,5 − 0,0 = 27,0; cible T(6) = 27 (écart +0,0).","Sources publiques, aviation de transport",False
RUS-041,Russie,An-12BK — Pont logistique,Appareil,Transport tactique,4,10,1,2,"Attaque 1 — autodéfense. **Blindage 1.** Au déploiement, reprenez une Ressource engagée en main; vous pouvez jouer une Ressource supplémentaire ce tour.","V = 10 + 1,5×1 + 2,5×2 + 1,5 + 1,5 − 0,0 = 19,5; cible T(4) = 19 (écart +0,5).","Sources publiques, parc vieillissant",False
RUS-042,Russie,An-12BK — Déploiement avancé,Appareil,Transport tactique,4,12,2,1,"Attaque 2 — couverture de transport. Le prochain Appareil de coût 3 ou moins coûte 1 de moins ce tour, minimum 1.","V = 12 + 1,5×2 + 2,5×1 + 0,0 + 1,5 − 0,0 = 19,0; cible T(4) = 19 (écart +0,0).","Sources publiques, parc vieillissant",False
RUS-043,Russie,An-26 — Pont logistique,Appareil,Transport léger,3,6,1,2,"Attaque 1 — autodéfense. **Blindage 1.** Au déploiement, reprenez une Ressource engagée en main; vous pouvez jouer une Ressource supplémentaire ce tour.","V = 6 + 1,5×1 + 2,5×2 + 1,5 + 1,5 − 0,0 = 15,5; cible T(3) = 15 (écart +0,5).","Sources publiques, parc vieillissant",False
RUS-044,Russie,An-26 — Déploiement avancé,Appareil,Transport léger,3,8,2,1,"Attaque 2 — couverture de transport. Le prochain Appareil de coût 3 ou moins coûte 1 de moins ce tour, minimum 1.","V = 8 + 1,5×2 + 2,5×1 + 0,0 + 1,5 − 0,0 = 15,0; cible T(3) = 15 (écart +0,0).","Sources publiques, parc vieillissant",False
RUS-045,Russie,Ka-52M — Feu concentré,Appareil,Hélicoptère d’attaque,5,10,5,1,Attaque 5 — canon et roquettes. **Barrage 1.** **Formation —** gagnez +1 Puissance si un autre hélicoptère est redressé.,"V = 10 + 1,5×5 + 2,5×1 + 1,5 + 1,0 − 0,0 = 22,5; cible T(5) = 23 (écart -0,5).",Sources industrielles et emploi public,False
RUS-046,Russie,Ka-52M — Chasseur de blindés,Appareil,Hélicoptère d’attaque,5,10,4,2,"Attaque 4 — missiles guidés. **Blindage 1.** Après une Mission, infligez 1 dégât à un Appareil adverse exposé de coût 2 ou moins.","V = 10 + 1,5×4 + 2,5×2 + 1,5 + 1,0 − 0,0 = 23,5; cible T(5) = 23 (écart +0,5).",Sources industrielles et emploi public,False
RUS-047,Russie,Ka-52 — Feu concentré,Appareil,Hélicoptère d’attaque,4,8,4,1,Attaque 4 — canon et roquettes. **Barrage 1.** **Formation —** gagnez +1 Puissance si un autre hélicoptère est redressé.,"V = 8 + 1,5×4 + 2,5×1 + 1,5 + 1,0 − 0,0 = 19,0; cible T(4) = 19 (écart +0,0).",Sources publiques corroborées,False
RUS-048,Russie,Ka-52 — Chasseur de blindés,Appareil,Hélicoptère d’attaque,4,7,3,2,"Attaque 3 — missiles guidés. **Blindage 1.** Après une Mission, infligez 1 dégât à un Appareil adverse exposé de coût 2 ou moins.","V = 7 + 1,5×3 + 2,5×2 + 1,5 + 1,0 − 0,0 = 19,0; cible T(4) = 19 (écart +0,0).",Sources publiques corroborées,False
RUS-049,Russie,Mi-28NM — Feu concentré,Appareil,Hélicoptère d’attaque,5,10,5,1,Attaque 5 — canon et roquettes. **Barrage 1.** **Formation —** gagnez +1 Puissance si un autre hélicoptère est redressé.,"V = 10 + 1,5×5 + 2,5×1 + 1,5 + 1,0 − 0,0 = 22,5; cible T(5) = 23 (écart -0,5).",Sources industrielles et emploi public,False
RUS-050,Russie,Mi-28NM — Chasseur de blindés,Appareil,Hélicoptère d’attaque,5,10,4,2,"Attaque 4 — missiles guidés. **Blindage 1.** Après une Mission, infligez 1 dégât à un Appareil adverse exposé de coût 2 ou moins.","V = 10 + 1,5×4 + 2,5×2 + 1,5 + 1,0 − 0,0 = 23,5; cible T(5) = 23 (écart +0,5).",Sources industrielles et emploi public,False
RUS-051,Russie,Mi-28N — Feu concentré,Appareil,Hélicoptère d’attaque,4,8,4,1,Attaque 4 — canon et roquettes. **Barrage 1.** **Formation —** gagnez +1 Puissance si un autre hélicoptère est redressé.,"V = 8 + 1,5×4 + 2,5×1 + 1,5 + 1,0 − 0,0 = 19,0; cible T(4) = 19 (écart +0,0).",Sources publiques corroborées,False
RUS-052,Russie,Mi-28N — Chasseur de blindés,Appareil,Hélicoptère d’attaque,4,7,3,2,"Attaque 3 — missiles guidés. **Blindage 1.** Après une Mission, infligez 1 dégât à un Appareil adverse exposé de coût 2 ou moins.","V = 7 + 1,5×3 + 2,5×2 + 1,5 + 1,0 − 0,0 = 19,0; cible T(4) = 19 (écart +0,0).",Sources publiques corroborées,False
RUS-053,Russie,Mi-35M — Feu concentré,Appareil,Hélicoptère d’attaque et transport,4,8,4,1,Attaque 4 — canon et roquettes. **Barrage 1.** **Formation —** gagnez +1 Puissance si un autre hélicoptère est redressé.,"V = 8 + 1,5×4 + 2,5×1 + 1,5 + 1,0 − 0,0 = 19,0; cible T(4) = 19 (écart +0,0).",Sources publiques corroborées,False
RUS-054,Russie,Mi-35M — Chasseur de blindés,Appareil,Hélicoptère d’attaque et transport,4,7,3,2,"Attaque 3 — missiles guidés. **Blindage 1.** Après une Mission, infligez 1 dégât à un Appareil adverse exposé de coût 2 ou moins.","V = 7 + 1,5×3 + 2,5×2 + 1,5 + 1,0 − 0,0 = 19,0; cible T(4) = 19 (écart +0,0).",Sources publiques corroborées,False
RUS-055,Russie,Mi-8AMTSh — Assaut aéromobile,Appareil,Hélicoptère d’assaut,3,4,2,2,"Attaque 2 — autoprotection. **Blindage 1.** Au déploiement, un autre hélicoptère gagne +1 PV jusqu’à votre prochain tour.","V = 4 + 1,5×2 + 2,5×2 + 1,5 + 1,0 − 0,0 = 14,5; cible T(3) = 15 (écart -0,5).",Sources publiques corroborées,False
RUS-056,Russie,Mi-8AMTSh — Réserve mobile,Appareil,Hélicoptère d’assaut,3,6,3,1,Attaque 3 — escorte légère. **Décollage rapide.** Cet Appareil ne peut pas accomplir de Mission le tour où il est déployé.,"V = 6 + 1,5×3 + 2,5×1 + 2,0 + 0,5 − 1,0 = 14,5; cible T(3) = 15 (écart -0,5).",Sources publiques corroborées,False
RUS-057,Russie,Mi-8MTV-5 — Assaut aéromobile,Appareil,Hélicoptère de transport,3,4,2,2,"Attaque 2 — autoprotection. **Blindage 1.** Au déploiement, un autre hélicoptère gagne +1 PV jusqu’à votre prochain tour.","V = 4 + 1,5×2 + 2,5×2 + 1,5 + 1,0 − 0,0 = 14,5; cible T(3) = 15 (écart -0,5).",Sources publiques corroborées,False
RUS-058,Russie,Mi-8MTV-5 — Réserve mobile,Appareil,Hélicoptère de transport,3,6,3,1,Attaque 3 — escorte légère. **Décollage rapide.** Cet Appareil ne peut pas accomplir de Mission le tour où il est déployé.,"V = 6 + 1,5×3 + 2,5×1 + 2,0 + 0,5 − 1,0 = 14,5; cible T(3) = 15 (écart -0,5).",Sources publiques corroborées,False
RUS-059,Russie,Mi-26 — Assaut aéromobile,Appareil,Hélicoptère de transport lourd,5,10,4,2,"Attaque 4 — autoprotection. **Blindage 1.** Au déploiement, un autre hélicoptère gagne +1 PV jusqu’à votre prochain tour.","V = 10 + 1,5×4 + 2,5×2 + 1,5 + 1,0 − 0,0 = 23,5; cible T(5) = 23 (écart +0,5).",Sources publiques corroborées,False
RUS-060,Russie,Mi-26 — Réserve mobile,Appareil,Hélicoptère de transport lourd,5,12,5,1,Attaque 5 — escorte légère. **Décollage rapide.** Cet Appareil ne peut pas accomplir de Mission le tour où il est déployé.,"V = 12 + 1,5×5 + 2,5×1 + 2,0 + 0,5 − 1,0 = 23,5; cible T(5) = 23 (écart +0,5).",Sources publiques corroborées,False
RUS-061,Russie,Ka-27M — Patrouille navale,Appareil,Hélicoptère naval,4,7,3,2,"Attaque 3 — attaque antinavire. **Blindage 1.** Au déploiement, un Soutien adverse perd son texte jusqu’à la fin du tour.","V = 7 + 1,5×3 + 2,5×2 + 1,5 + 1,0 − 0,0 = 19,0; cible T(4) = 19 (écart +0,0).","Sources publiques, aviation navale",False
RUS-062,Russie,Ka-27M — Barrière océanique,Appareil,Hélicoptère naval,4,8,4,1,Attaque 4 — défense maritime. **Barrage 1.** **Formation —** cet Appareil gagne +1 PV tant qu’un autre Appareil maritime est redressé.,"V = 8 + 1,5×4 + 2,5×1 + 1,5 + 1,0 − 0,0 = 19,0; cible T(4) = 19 (écart +0,0).","Sources publiques, aviation navale",False
RUS-063,Russie,Ka-29 — Assaut aéromobile,Appareil,Hélicoptère naval d’assaut,3,4,2,2,"Attaque 2 — autoprotection. **Blindage 1.** Au déploiement, un autre hélicoptère gagne +1 PV jusqu’à votre prochain tour.","V = 4 + 1,5×2 + 2,5×2 + 1,5 + 1,0 − 0,0 = 14,5; cible T(3) = 15 (écart -0,5).","Sources publiques, aviation navale",False
RUS-064,Russie,Ka-29 — Réserve mobile,Appareil,Hélicoptère naval d’assaut,3,6,3,1,Attaque 3 — escorte légère. **Décollage rapide.** Cet Appareil ne peut pas accomplir de Mission le tour où il est déployé.,"V = 6 + 1,5×3 + 2,5×1 + 2,0 + 0,5 − 1,0 = 14,5; cible T(3) = 15 (écart -0,5).","Sources publiques, aviation navale",False
RUS-065,Russie,Il-38N — Patrouille navale,Appareil,Patrouille maritime,5,10,4,2,"Attaque 4 — attaque antinavire. **Blindage 1.** Au déploiement, un Soutien adverse perd son texte jusqu’à la fin du tour.","V = 10 + 1,5×4 + 2,5×2 + 1,5 + 1,0 − 0,0 = 23,5; cible T(5) = 23 (écart +0,5).","Sources publiques, aviation navale",False
RUS-066,Russie,Il-38N — Barrière océanique,Appareil,Patrouille maritime,5,10,5,1,Attaque 5 — défense maritime. **Barrage 1.** **Formation —** cet Appareil gagne +1 PV tant qu’un autre Appareil maritime est redressé.,"V = 10 + 1,5×5 + 2,5×1 + 1,5 + 1,0 − 0,0 = 22,5; cible T(5) = 23 (écart -0,5).","Sources publiques, aviation navale",False
RUS-067,Russie,Tu-142MZ — Patrouille navale,Appareil,Patrouille maritime à long rayon,6,12,5,2,"Attaque 5 — attaque antinavire. **Blindage 1.** Au déploiement, un Soutien adverse perd son texte jusqu’à la fin du tour.","V = 12 + 1,5×5 + 2,5×2 + 1,5 + 1,0 − 0,0 = 27,0; cible T(6) = 27 (écart +0,0).","Sources publiques, aviation navale",False
RUS-068,Russie,Tu-142MZ — Barrière océanique,Appareil,Patrouille maritime à long rayon,6,13,6,1,Attaque 6 — défense maritime. **Barrage 1.** **Formation —** cet Appareil gagne +1 PV tant qu’un autre Appareil maritime est redressé.,"V = 13 + 1,5×6 + 2,5×1 + 1,5 + 1,0 − 0,0 = 27,0; cible T(6) = 27 (écart +0,0).","Sources publiques, aviation navale",False
RUS-069,Russie,Forpost-R — Observation persistante,Appareil,Drone de reconnaissance armé,3,8,1,2,"Attaque 1 — charge légère. Si cet Appareil est détruit, vous pouvez placer une carte de votre main sous votre deck pour piocher une carte.","V = 8 + 1,5×1 + 2,5×2 + 0,0 + 1,0 − 0,0 = 15,5; cible T(3) = 15 (écart +0,5).",Sources publiques corroborées,False
RUS-070,Russie,Forpost-R — Attaque sans équipage,Appareil,Drone de reconnaissance armé,3,8,2,1,Attaque 2 — frappe télépilotée. **Décollage rapide.** Cet Appareil ne peut pas être redressé par un effet le tour où il est déployé.,"V = 8 + 1,5×2 + 2,5×1 + 2,0 + 0,5 − 0,5 = 15,5; cible T(3) = 15 (écart +0,5).",Sources publiques corroborées,False
RUS-071,Russie,Inokhodets (Orion) — Observation persistante,Appareil,Drone MALE,3,8,1,2,"Attaque 1 — charge légère. Si cet Appareil est détruit, vous pouvez placer une carte de votre main sous votre deck pour piocher une carte.","V = 8 + 1,5×1 + 2,5×2 + 0,0 + 1,0 − 0,0 = 15,5; cible T(3) = 15 (écart +0,5).",Sources publiques corroborées,False
RUS-072,Russie,Inokhodets (Orion) — Attaque sans équipage,Appareil,Drone MALE,3,8,2,1,Attaque 2 — frappe télépilotée. **Décollage rapide.** Cet Appareil ne peut pas être redressé par un effet le tour où il est déployé.,"V = 8 + 1,5×2 + 2,5×1 + 2,0 + 0,5 − 0,5 = 15,5; cible T(3) = 15 (écart +0,5).",Sources publiques corroborées,False
RUS-073,Russie,Orlan-10 — Observation persistante,Appareil,Drone de reconnaissance,2,4,1,2,"Attaque 1 — charge légère. Si cet Appareil est détruit, vous pouvez placer une carte de votre main sous votre deck pour piocher une carte.","V = 4 + 1,5×1 + 2,5×2 + 0,0 + 1,0 − 0,0 = 11,5; cible T(2) = 11 (écart +0,5).",Sources publiques corroborées,False
RUS-074,Russie,Orlan-10 — Attaque sans équipage,Appareil,Drone de reconnaissance,2,5,1,1,Attaque 1 — frappe télépilotée. **Décollage rapide.** Cet Appareil ne peut pas être redressé par un effet le tour où il est déployé.,"V = 5 + 1,5×1 + 2,5×1 + 2,0 + 0,5 − 0,5 = 11,0; cible T(2) = 11 (écart +0,0).",Sources publiques corroborées,False
RUS-075,Russie,Orlan-30 — Observation persistante,Appareil,Drone de désignation,2,4,1,2,"Attaque 1 — charge légère. Si cet Appareil est détruit, vous pouvez placer une carte de votre main sous votre deck pour piocher une carte.","V = 4 + 1,5×1 + 2,5×2 + 0,0 + 1,0 − 0,0 = 11,5; cible T(2) = 11 (écart +0,5).",Sources publiques corroborées,False
RUS-076,Russie,Orlan-30 — Attaque sans équipage,Appareil,Drone de désignation,2,5,1,1,Attaque 1 — frappe télépilotée. **Décollage rapide.** Cet Appareil ne peut pas être redressé par un effet le tour où il est déployé.,"V = 5 + 1,5×1 + 2,5×1 + 2,0 + 0,5 − 0,5 = 11,0; cible T(2) = 11 (écart +0,0).",Sources publiques corroborées,False
RUS-077,Russie,Lancet-3 — Observation persistante,Appareil,Munition téléopérée,2,4,1,2,"Attaque 1 — charge légère. Si cet Appareil est détruit, vous pouvez placer une carte de votre main sous votre deck pour piocher une carte.","V = 4 + 1,5×1 + 2,5×2 + 0,0 + 1,0 − 0,0 = 11,5; cible T(2) = 11 (écart +0,5).",Sources publiques corroborées,False
RUS-078,Russie,Lancet-3 — Attaque sans équipage,Appareil,Munition téléopérée,2,5,1,1,Attaque 1 — frappe télépilotée. **Décollage rapide.** Cet Appareil ne peut pas être redressé par un effet le tour où il est déployé.,"V = 5 + 1,5×1 + 2,5×1 + 2,0 + 0,5 − 0,5 = 11,0; cible T(2) = 11 (écart +0,0).",Sources publiques corroborées,False
RUS-079,Russie,Geran-2 — Observation persistante,Appareil,Drone d’attaque à sens unique,3,8,1,2,"Attaque 1 — charge légère. Si cet Appareil est détruit, vous pouvez placer une carte de votre main sous votre deck pour piocher une carte.","V = 8 + 1,5×1 + 2,5×2 + 0,0 + 1,0 − 0,0 = 15,5; cible T(3) = 15 (écart +0,5).",Sources publiques corroborées,False
RUS-080,Russie,Geran-2 — Attaque sans équipage,Appareil,Drone d’attaque à sens unique,3,8,2,1,Attaque 2 — frappe télépilotée. **Décollage rapide.** Cet Appareil ne peut pas être redressé par un effet le tour où il est déployé.,"V = 8 + 1,5×2 + 2,5×1 + 2,0 + 0,5 − 0,5 = 15,5; cible T(3) = 15 (écart +0,5).",Sources publiques corroborées,False
RUS-081,Russie,R-77-1,Équipement,Missile air-air,3,,,,L’Appareil équipé gagne +2 Puissance pendant une Interception contre une cible de coût 5 ou moins.,"Budget cible S(3) = 2,5×3 + 1 = 8,5; la limite propre au type Équipement et la condition écrite bornent la répétition.",Sources publiques russes et analyses RUSI groupées dans docs/05,False
RUS-082,Russie,R-37M,Équipement,Missile air-air longue portée,4,,,,L’Appareil équipé peut intercepter un Appareil de Mission 2 ou plus même s’il est redressé; défaussez ensuite cet Équipement.,"Budget cible S(4) = 2,5×4 + 1 = 11,0; la limite propre au type Équipement et la condition écrite bornent la répétition.",Sources publiques russes et analyses RUSI groupées dans docs/05,False
RUS-083,Russie,R-73,Équipement,Missile air-air,2,,,,L’Appareil équipé gagne +2 Puissance pendant sa première Interception contre une cible Agile.,"Budget cible S(2) = 2,5×2 + 1 = 6,0; la limite propre au type Équipement et la condition écrite bornent la répétition.",Sources publiques russes et analyses RUSI groupées dans docs/05,False
RUS-084,Russie,R-74M,Équipement,Missile air-air,3,,,,L’Appareil équipé gagne +1 Puissance et ignore la réduction d’Agile.,"Budget cible S(3) = 2,5×3 + 1 = 8,5; la limite propre au type Équipement et la condition écrite bornent la répétition.",Sources publiques russes et analyses RUSI groupées dans docs/05,False
RUS-085,Russie,Kh-31PD,Équipement,Missile antiradar,3,,,,"Quand l’Appareil équipé accomplit une Mission, choisissez un Soutien adverse; son texte est sans effet jusqu’à votre prochain tour.","Budget cible S(3) = 2,5×3 + 1 = 8,5; la limite propre au type Équipement et la condition écrite bornent la répétition.",Sources publiques russes et analyses RUSI groupées dans docs/05,False
RUS-086,Russie,Kh-31AD,Équipement,Missile antinavire,3,,,,L’Appareil équipé gagne +3 Puissance contre un Appareil maritime.,"Budget cible S(3) = 2,5×3 + 1 = 8,5; la limite propre au type Équipement et la condition écrite bornent la répétition.",Sources publiques russes et analyses RUSI groupées dans docs/05,False
RUS-087,Russie,Kh-35U,Équipement,Missile antinavire,2,,,,L’Appareil équipé a Barrage 1 contre une cible maritime.,"Budget cible S(2) = 2,5×2 + 1 = 6,0; la limite propre au type Équipement et la condition écrite bornent la répétition.",Sources publiques russes et analyses RUSI groupées dans docs/05,False
RUS-088,Russie,Kh-59MK2,Équipement,Missile air-sol,3,,,,"Après une Mission, défaussez cet Équipement : infligez 3 dégâts à un Appareil exposé.","Budget cible S(3) = 2,5×3 + 1 = 8,5; la limite propre au type Équipement et la condition écrite bornent la répétition.",Sources publiques russes et analyses RUSI groupées dans docs/05,False
RUS-089,Russie,Kh-69,Équipement,Missile de croisière,4,,,,"Après une Mission d’un Appareil de coût 6 ou plus, infligez 4 dégâts à une cible exposée puis défaussez cet Équipement.","Budget cible S(4) = 2,5×4 + 1 = 11,0; la limite propre au type Équipement et la condition écrite bornent la répétition.",Sources publiques russes et analyses RUSI groupées dans docs/05,False
RUS-090,Russie,Kh-101,Équipement,Missile de croisière,4,,,,Un bombardier équipé gagne +1 Mission lors de sa prochaine Mission et inflige 2 dégâts à une cible exposée; défaussez ensuite.,"Budget cible S(4) = 2,5×4 + 1 = 11,0; la limite propre au type Équipement et la condition écrite bornent la répétition.",Sources publiques russes et analyses RUSI groupées dans docs/05,False
RUS-091,Russie,Kh-47M2 Kinzhal,Équipement,Missile aérobalistique,5,,,,"Un MiG-31K ou bombardier équipé gagne +2 Mission pour une Mission, puis défaussez cet Équipement.","Budget cible S(5) = 2,5×5 + 1 = 13,5; la limite propre au type Équipement et la condition écrite bornent la répétition.",Sources publiques russes et analyses RUSI groupées dans docs/05,False
RUS-092,Russie,Kh-32,Équipement,Missile longue portée,4,,,,L’Appareil équipé gagne +3 Puissance et Barrage 1 lors de sa prochaine Interception; défaussez ensuite.,"Budget cible S(4) = 2,5×4 + 1 = 11,0; la limite propre au type Équipement et la condition écrite bornent la répétition.",Sources publiques russes et analyses RUSI groupées dans docs/05,False
RUS-093,Russie,Kh-22,Équipement,Missile longue portée,3,,,,"L’Appareil équipé gagne +4 Puissance lors de sa prochaine Interception, puis reçoit 1 dégât et défausse cet Équipement.","Budget cible S(3) = 2,5×3 + 1 = 8,5; la limite propre au type Équipement et la condition écrite bornent la répétition.",Sources publiques russes et analyses RUSI groupées dans docs/05,False
RUS-094,Russie,UMPK pour FAB-500 M-62,Équipement,Module de bombe planante,2,,,,"Après une Mission, infligez 2 dégâts à une cible exposée, puis défaussez cet Équipement.","Budget cible S(2) = 2,5×2 + 1 = 6,0; la limite propre au type Équipement et la condition écrite bornent la répétition.",Sources publiques russes et analyses RUSI groupées dans docs/05,False
RUS-095,Russie,UMPK pour FAB-1500,Équipement,Module de bombe planante,3,,,,"Après une Mission, infligez 3 dégâts à une cible exposée déjà endommagée, puis défaussez cet Équipement.","Budget cible S(3) = 2,5×3 + 1 = 8,5; la limite propre au type Équipement et la condition écrite bornent la répétition.",Sources publiques russes et analyses RUSI groupées dans docs/05,False
RUS-096,Russie,UMPK pour FAB-3000,Équipement,Module de bombe planante,4,,,,"Après une Mission, infligez 5 dégâts à une cible exposée; l’Appareil équipé reçoit 1 dégât; défaussez cet Équipement.","Budget cible S(4) = 2,5×4 + 1 = 11,0; la limite propre au type Équipement et la condition écrite bornent la répétition.",Sources publiques russes et analyses RUSI groupées dans docs/05,False
RUS-097,Russie,UPMB D-30SN,Équipement,Munition planante,3,,,,"Après une Mission, choisissez jusqu’à deux Appareils exposés; infligez 1 dégât à chacun.","Budget cible S(3) = 2,5×3 + 1 = 8,5; la limite propre au type Équipement et la condition écrite bornent la répétition.",Sources publiques russes et analyses RUSI groupées dans docs/05,False
RUS-098,Russie,KAB-500S,Équipement,Bombe guidée,2,,,,L’Appareil équipé gagne +1 Mission pour une Mission si un autre Appareil est redressé; défaussez ensuite.,"Budget cible S(2) = 2,5×2 + 1 = 6,0; la limite propre au type Équipement et la condition écrite bornent la répétition.",Sources publiques russes et analyses RUSI groupées dans docs/05,False
RUS-099,Russie,KAB-1500L,Équipement,Bombe guidée,3,,,,Défaussez cet Équipement après une Mission : infligez 4 dégâts à une cible avec un marqueur ou des dégâts.,"Budget cible S(3) = 2,5×3 + 1 = 8,5; la limite propre au type Équipement et la condition écrite bornent la répétition.",Sources publiques russes et analyses RUSI groupées dans docs/05,False
RUS-100,Russie,9K121 Vikhr-1,Équipement,Missile air-sol,2,,,,Un hélicoptère équipé gagne +2 Puissance contre les Appareils de coût 4 ou moins.,"Budget cible S(2) = 2,5×2 + 1 = 6,0; la limite propre au type Équipement et la condition écrite bornent la répétition.",Sources publiques russes et analyses RUSI groupées dans docs/05,False
RUS-101,Russie,Izdeliye 305 LMUR,Équipement,Missile air-sol,3,,,,Un hélicoptère équipé gagne +2 Puissance et peut déplacer 1 dégât de combat vers une seconde cible exposée.,"Budget cible S(3) = 2,5×3 + 1 = 8,5; la limite propre au type Équipement et la condition écrite bornent la répétition.",Sources publiques russes et analyses RUSI groupées dans docs/05,False
RUS-102,Russie,9M120 Ataka-V,Équipement,Missile air-sol,2,,,,Un hélicoptère équipé gagne +1 Puissance et Barrage 1 pour sa prochaine Interception.,"Budget cible S(2) = 2,5×2 + 1 = 6,0; la limite propre au type Équipement et la condition écrite bornent la répétition.",Sources publiques russes et analyses RUSI groupées dans docs/05,False
RUS-103,Russie,S-8,Équipement,Roquettes,1,,,,Défaussez cet Équipement après une Interception : infligez 1 dégât à un autre Appareil exposé.,"Budget cible S(1) = 2,5×1 + 1 = 3,5; la limite propre au type Équipement et la condition écrite bornent la répétition.",Sources publiques russes et analyses RUSI groupées dans docs/05,False
RUS-104,Russie,S-13,Équipement,Roquettes,2,,,,"L’Appareil équipé gagne Barrage 1; après déclenchement, défaussez cet Équipement.","Budget cible S(2) = 2,5×2 + 1 = 6,0; la limite propre au type Équipement et la condition écrite bornent la répétition.",Sources publiques russes et analyses RUSI groupées dans docs/05,False
RUS-105,Russie,GSh-30-1,Équipement,Canon,2,,,,"Un chasseur équipé gagne +1 Puissance; avec Formation, il gagne encore +1 pendant sa première Interception.","Budget cible S(2) = 2,5×2 + 1 = 6,0; la limite propre au type Équipement et la condition écrite bornent la répétition.",Sources publiques russes et analyses RUSI groupées dans docs/05,False
RUS-106,Russie,2A42 de 30 mm,Équipement,Canon,2,,,,Un hélicoptère équipé gagne +1 Puissance et Barrage 1 contre une cible de coût 3 ou moins.,"Budget cible S(2) = 2,5×2 + 1 = 6,0; la limite propre au type Équipement et la condition écrite bornent la répétition.",Sources publiques russes et analyses RUSI groupées dans docs/05,False
RUS-107,Russie,N036 Byelka,Équipement,Radar AESA,4,,,,"Au déploiement, regardez les 3 premières cartes; gardez-en une et replacez les autres dessous dans l’ordre voulu.","Budget cible S(4) = 2,5×4 + 1 = 11,0; la limite propre au type Équipement et la condition écrite bornent la répétition.",Sources publiques russes et analyses RUSI groupées dans docs/05,False
RUS-108,Russie,Irbis-E,Équipement,Radar PESA,3,,,,L’Appareil équipé gagne +2 Puissance contre une cible de Mission 2 ou plus.,"Budget cible S(3) = 2,5×3 + 1 = 8,5; la limite propre au type Équipement et la condition écrite bornent la répétition.",Sources publiques russes et analyses RUSI groupées dans docs/05,False
RUS-109,Russie,Bars-R,Équipement,Radar PESA,2,,,,L’Appareil équipé satisfait Formation même si l’autre Appareil redressé coûte 2 ou moins.,"Budget cible S(2) = 2,5×2 + 1 = 6,0; la limite propre au type Équipement et la condition écrite bornent la répétition.",Sources publiques russes et analyses RUSI groupées dans docs/05,False
RUS-110,Russie,Sh-141,Équipement,Radar de frappe,3,,,,"Après une Mission, vous pouvez infliger 1 dégât à une cible exposée; avec Formation, infligez 2 à la place.","Budget cible S(3) = 2,5×3 + 1 = 8,5; la limite propre au type Équipement et la condition écrite bornent la répétition.",Sources publiques russes et analyses RUSI groupées dans docs/05,False
RUS-111,Russie,Khibiny-M,Équipement,Guerre électronique,3,,,,L’Appareil équipé gagne Agile et le premier Verrouillage qu’il devrait recevoir chaque tour est annulé.,"Budget cible S(3) = 2,5×3 + 1 = 8,5; la limite propre au type Équipement et la condition écrite bornent la répétition.",Sources publiques russes et analyses RUSI groupées dans docs/05,False
RUS-112,Russie,L370 Vitebsk,Équipement,Autoprotection,3,,,,Un hélicoptère équipé a Blindage 1 et ignore le premier dégât de Barrage chaque tour.,"Budget cible S(3) = 2,5×3 + 1 = 8,5; la limite propre au type Équipement et la condition écrite bornent la répétition.",Sources publiques russes et analyses RUSI groupées dans docs/05,False
RUS-113,Russie,SVP-24 Gefest,Équipement,Calculateur de visée,2,,,,"Quand l’Appareil équipé accomplit une Mission, regardez la première carte; si c’est une Tactique, piochez-la puis défaussez une carte.","Budget cible S(2) = 2,5×2 + 1 = 6,0; la limite propre au type Équipement et la condition écrite bornent la répétition.",Sources publiques russes et analyses RUSI groupées dans docs/05,False
RUS-114,Russie,Platan,Équipement,Système de visée,2,,,,"Après une Mission, l’Appareil équipé peut infliger 1 dégât à une cible exposée de coût 2 ou moins.","Budget cible S(2) = 2,5×2 + 1 = 6,0; la limite propre au type Équipement et la condition écrite bornent la répétition.",Sources publiques russes et analyses RUSI groupées dans docs/05,False
RUS-115,Russie,Pod UKR-RT,Équipement,Reconnaissance électronique,2,,,,"Au déploiement, un Appareil adverse perd Furtif jusqu’à votre prochain tour.","Budget cible S(2) = 2,5×2 + 1 = 6,0; la limite propre au type Équipement et la condition écrite bornent la répétition.",Sources publiques russes et analyses RUSI groupées dans docs/05,False
RUS-116,Russie,Pod UKR-OE,Équipement,Reconnaissance optique,2,,,,"Quand l’Appareil équipé accomplit une Mission, regardez la première carte de chaque deck.","Budget cible S(2) = 2,5×2 + 1 = 6,0; la limite propre au type Équipement et la condition écrite bornent la répétition.",Sources publiques russes et analyses RUSI groupées dans docs/05,False
RUS-117,Russie,Module Sych MCR-1,Équipement,Reconnaissance radar,3,,,,L’Appareil équipé gagne +1 Mission avec Formation.,"Budget cible S(3) = 2,5×3 + 1 = 8,5; la limite propre au type Équipement et la condition écrite bornent la répétition.",Sources publiques russes et analyses RUSI groupées dans docs/05,False
RUS-118,Russie,Liaison APD-518,Équipement,Liaison de données,2,,,,L’Appareil équipé satisfait Formation même si votre seul autre Appareil est engagé.,"Budget cible S(2) = 2,5×2 + 1 = 6,0; la limite propre au type Équipement et la condition écrite bornent la répétition.",Sources publiques russes et analyses RUSI groupées dans docs/05,False
RUS-119,Russie,OLS-35,Équipement,Capteur infrarouge,2,,,,"Contre un Appareil Furtif exposé, l’Appareil équipé gagne +2 Puissance.","Budget cible S(2) = 2,5×2 + 1 = 6,0; la limite propre au type Équipement et la condition écrite bornent la répétition.",Sources publiques russes et analyses RUSI groupées dans docs/05,False
RUS-120,Russie,Système President-S,Équipement,Autoprotection,3,,,,"L’Appareil équipé a Agile; s’il a aussi Blindage, réduisez de 1 le premier effet de Tactique qui lui inflige des dégâts.","Budget cible S(3) = 2,5×3 + 1 = 8,5; la limite propre au type Équipement et la condition écrite bornent la répétition.",Sources publiques russes et analyses RUSI groupées dans docs/05,False
RUS-121,Russie,Patrouille défensive de secteur,Tactique,Opération,1,,,,Un Appareil gagne +1 Puissance et Blindage 1 pour sa prochaine Interception ce tour.,"Budget cible S(1) = 2,5×1 + 1 = 3,5; la limite propre au type Tactique et la condition écrite bornent la répétition.",Sources publiques russes et analyses RUSI groupées dans docs/05,False
RUS-122,Russie,Interception guidée du sol,Tactique,Opération,1,,,,Regardez les 2 premières cartes de votre deck et replacez-les dans l’ordre voulu.,"Budget cible S(1) = 2,5×1 + 1 = 3,5; la limite propre au type Tactique et la condition écrite bornent la répétition.",Sources publiques russes et analyses RUSI groupées dans docs/05,False
RUS-123,Russie,Engagement R-37M,Tactique,Opération,2,,,,Un Appareil avec Formation gagne +3 Puissance jusqu’à la fin du tour.,"Budget cible S(2) = 2,5×2 + 1 = 6,0; la limite propre au type Tactique et la condition écrite bornent la répétition.",Sources publiques russes et analyses RUSI groupées dans docs/05,False
RUS-124,Russie,Coordination chasse–défense sol-air,Tactique,Opération,2,,,,Retirez 2 dégâts d’un Appareil; il ne peut pas accomplir de Mission ce tour.,"Budget cible S(2) = 2,5×2 + 1 = 6,0; la limite propre au type Tactique et la condition écrite bornent la répétition.",Sources publiques russes et analyses RUSI groupées dans docs/05,False
RUS-125,Russie,Couverture antiaérienne en couches,Tactique,Opération,3,,,,Infligez 2 dégâts à jusqu’à deux Appareils exposés.,"Budget cible S(3) = 2,5×3 + 1 = 8,5; la limite propre au type Tactique et la condition écrite bornent la répétition.",Sources publiques russes et analyses RUSI groupées dans docs/05,False
RUS-126,Russie,Frappe à distance,Tactique,Opération,2,,,,Déployez un Appareil de coût 3 ou moins pour 1 de moins; il arrive avec 1 dégât.,"Budget cible S(2) = 2,5×2 + 1 = 6,0; la limite propre au type Tactique et la condition écrite bornent la répétition.",Sources publiques russes et analyses RUSI groupées dans docs/05,False
RUS-127,Russie,Salve de bombes planantes,Tactique,Opération,3,,,,Redressez un Appareil de coût 4 ou moins; il ne peut qu’intercepter ce tour.,"Budget cible S(3) = 2,5×3 + 1 = 8,5; la limite propre au type Tactique et la condition écrite bornent la répétition.",Sources publiques russes et analyses RUSI groupées dans docs/05,False
RUS-128,Russie,Frappe groupée de Su-34,Tactique,Opération,4,,,,Vos Appareils avec Formation gagnent Barrage 1 jusqu’à la fin du tour.,"Budget cible S(4) = 2,5×4 + 1 = 11,0; la limite propre au type Tactique et la condition écrite bornent la répétition.",Sources publiques russes et analyses RUSI groupées dans docs/05,False
RUS-129,Russie,Patrouille de porte-missiles,Tactique,Opération,1,,,,Un Appareil gagne +1 Puissance et Blindage 1 pour sa prochaine Interception ce tour.,"Budget cible S(1) = 2,5×1 + 1 = 3,5; la limite propre au type Tactique et la condition écrite bornent la répétition.",Sources publiques russes et analyses RUSI groupées dans docs/05,False
RUS-130,Russie,Approche à basse altitude,Tactique,Opération,1,,,,Regardez les 2 premières cartes de votre deck et replacez-les dans l’ordre voulu.,"Budget cible S(1) = 2,5×1 + 1 = 3,5; la limite propre au type Tactique et la condition écrite bornent la répétition.",Sources publiques russes et analyses RUSI groupées dans docs/05,False
RUS-131,Russie,Formation en paire,Tactique,Opération,2,,,,Un Appareil avec Formation gagne +3 Puissance jusqu’à la fin du tour.,"Budget cible S(2) = 2,5×2 + 1 = 6,0; la limite propre au type Tactique et la condition écrite bornent la répétition.",Sources publiques russes et analyses RUSI groupées dans docs/05,False
RUS-132,Russie,Formation de quatre,Tactique,Opération,2,,,,Retirez 2 dégâts d’un Appareil choisi; il ne peut pas accomplir de Mission ce tour.,"Budget cible S(2) = 2,5×2 + 1 = 6,0; la limite propre au type Tactique et la condition écrite bornent la répétition.",Sources publiques russes et analyses RUSI groupées dans docs/05,False
RUS-133,Russie,Réserve d’interception,Tactique,Opération,3,,,,Infligez 2 dégâts à jusqu’à deux Appareils exposés.,"Budget cible S(3) = 2,5×3 + 1 = 8,5; la limite propre au type Tactique et la condition écrite bornent la répétition.",Sources publiques russes et analyses RUSI groupées dans docs/05,False
RUS-134,Russie,Relève de patrouille,Tactique,Opération,2,,,,Déployez un Appareil choisi de coût 3 ou moins pour 1 de moins; il arrive avec 1 dégât.,"Budget cible S(2) = 2,5×2 + 1 = 6,0; la limite propre au type Tactique et la condition écrite bornent la répétition.",Sources publiques russes et analyses RUSI groupées dans docs/05,False
RUS-135,Russie,Couloir sous brouillage,Tactique,Opération,3,,,,Redressez un Appareil choisi de coût 4 ou moins; il ne peut qu’intercepter ce tour.,"Budget cible S(3) = 2,5×3 + 1 = 8,5; la limite propre au type Tactique et la condition écrite bornent la répétition.",Sources publiques russes et analyses RUSI groupées dans docs/05,False
RUS-136,Russie,Reconnaissance avant frappe,Tactique,Opération,4,,,,Vos Appareils avec Formation gagnent Barrage 1 jusqu’à la fin du tour.,"Budget cible S(4) = 2,5×4 + 1 = 11,0; la limite propre au type Tactique et la condition écrite bornent la répétition.",Sources publiques russes et analyses RUSI groupées dans docs/05,False
RUS-137,Russie,Désignation par drone,Tactique,Opération,1,,,,Un Appareil gagne +1 Puissance et Blindage 1 pour sa prochaine Interception ce tour.,"Budget cible S(1) = 2,5×1 + 1 = 3,5; la limite propre au type Tactique et la condition écrite bornent la répétition.",Sources publiques russes et analyses RUSI groupées dans docs/05,False
RUS-138,Russie,Correction d’artillerie aérienne,Tactique,Opération,1,,,,Regardez les 2 premières cartes de votre deck et replacez-les dans l’ordre voulu.,"Budget cible S(1) = 2,5×1 + 1 = 3,5; la limite propre au type Tactique et la condition écrite bornent la répétition.",Sources publiques russes et analyses RUSI groupées dans docs/05,False
RUS-139,Russie,Essaim de reconnaissance,Tactique,Opération,2,,,,Un Appareil avec Formation gagne +3 Puissance jusqu’à la fin du tour.,"Budget cible S(2) = 2,5×2 + 1 = 6,0; la limite propre au type Tactique et la condition écrite bornent la répétition.",Sources publiques russes et analyses RUSI groupées dans docs/05,False
RUS-140,Russie,Attaque de munition téléopérée,Tactique,Opération,2,,,,Retirez 2 dégâts d’un Appareil choisi; il ne peut pas accomplir de Mission ce tour.,"Budget cible S(2) = 2,5×2 + 1 = 6,0; la limite propre au type Tactique et la condition écrite bornent la répétition.",Sources publiques russes et analyses RUSI groupées dans docs/05,False
RUS-141,Russie,Assaut aéromobile,Tactique,Opération,3,,,,Infligez 2 dégâts à jusqu’à deux Appareils exposés.,"Budget cible S(3) = 2,5×3 + 1 = 8,5; la limite propre au type Tactique et la condition écrite bornent la répétition.",Sources publiques russes et analyses RUSI groupées dans docs/05,False
RUS-142,Russie,Appui d’hélicoptères,Tactique,Opération,2,,,,Déployez un Appareil choisi de coût 3 ou moins pour 1 de moins; il arrive avec 1 dégât.,"Budget cible S(2) = 2,5×2 + 1 = 6,0; la limite propre au type Tactique et la condition écrite bornent la répétition.",Sources publiques russes et analyses RUSI groupées dans docs/05,False
RUS-143,Russie,Feu de roquettes concentré,Tactique,Opération,3,,,,Redressez un Appareil choisi de coût 4 ou moins; il ne peut qu’intercepter ce tour.,"Budget cible S(3) = 2,5×3 + 1 = 8,5; la limite propre au type Tactique et la condition écrite bornent la répétition.",Sources publiques russes et analyses RUSI groupées dans docs/05,False
RUS-144,Russie,Chasse aux drones,Tactique,Opération,4,,,,Vos Appareils avec Formation gagnent Barrage 1 jusqu’à la fin du tour.,"Budget cible S(4) = 2,5×4 + 1 = 11,0; la limite propre au type Tactique et la condition écrite bornent la répétition.",Sources publiques russes et analyses RUSI groupées dans docs/05,False
RUS-145,Russie,Dispersion sur aérodromes,Tactique,Opération,1,,,,Un Appareil gagne +1 Puissance et Blindage 1 pour sa prochaine Interception ce tour.,"Budget cible S(1) = 2,5×1 + 1 = 3,5; la limite propre au type Tactique et la condition écrite bornent la répétition.",Sources publiques russes et analyses RUSI groupées dans docs/05,False
RUS-146,Russie,Décollage d’alerte,Tactique,Opération,1,,,,Regardez les 2 premières cartes de votre deck et replacez-les dans l’ordre voulu.,"Budget cible S(1) = 2,5×1 + 1 = 3,5; la limite propre au type Tactique et la condition écrite bornent la répétition.",Sources publiques russes et analyses RUSI groupées dans docs/05,False
RUS-147,Russie,Ravitaillement de régiment,Tactique,Opération,2,,,,Un Appareil avec Formation gagne +3 Puissance jusqu’à la fin du tour.,"Budget cible S(2) = 2,5×2 + 1 = 6,0; la limite propre au type Tactique et la condition écrite bornent la répétition.",Sources publiques russes et analyses RUSI groupées dans docs/05,False
RUS-148,Russie,Pont de transport lourd,Tactique,Opération,2,,,,Retirez 2 dégâts d’un Appareil choisi; il ne peut pas accomplir de Mission ce tour.,"Budget cible S(2) = 2,5×2 + 1 = 6,0; la limite propre au type Tactique et la condition écrite bornent la répétition.",Sources publiques russes et analyses RUSI groupées dans docs/05,False
RUS-149,Russie,Frappe maritime,Tactique,Opération,3,,,,Infligez 2 dégâts à jusqu’à deux Appareils exposés.,"Budget cible S(3) = 2,5×3 + 1 = 8,5; la limite propre au type Tactique et la condition écrite bornent la répétition.",Sources publiques russes et analyses RUSI groupées dans docs/05,False
RUS-150,Russie,Barrière anti-sous-marine,Tactique,Opération,2,,,,Déployez un Appareil choisi de coût 3 ou moins pour 1 de moins; il arrive avec 1 dégât.,"Budget cible S(2) = 2,5×2 + 1 = 6,0; la limite propre au type Tactique et la condition écrite bornent la répétition.",Sources publiques russes et analyses RUSI groupées dans docs/05,False
RUS-151,Russie,Patrouille arctique,Tactique,Opération,3,,,,Redressez un Appareil choisi de coût 4 ou moins; il ne peut qu’intercepter ce tour.,"Budget cible S(3) = 2,5×3 + 1 = 8,5; la limite propre au type Tactique et la condition écrite bornent la répétition.",Sources publiques russes et analyses RUSI groupées dans docs/05,False
RUS-152,Russie,Escorte de bombardiers,Tactique,Opération,4,,,,Vos Appareils avec Formation gagnent Barrage 1 jusqu’à la fin du tour.,"Budget cible S(4) = 2,5×4 + 1 = 11,0; la limite propre au type Tactique et la condition écrite bornent la répétition.",Sources publiques russes et analyses RUSI groupées dans docs/05,False
RUS-153,Russie,Contre-mesures électroniques,Tactique,Opération,1,,,,Détruisez un Équipement cible.,"Détruire un Équipement vaut 2,5 pour un budget cible S(1) = 3,5; la portée situationnelle de la Tactique justifie la marge de 1,0.",Sources publiques russes et analyses RUSI groupées dans docs/05,False
RUS-154,Russie,Leurres et trajectoires,Tactique,Opération,1,,,,Regardez les 2 premières cartes de votre deck et replacez-les dans l’ordre voulu.,"Budget cible S(1) = 2,5×1 + 1 = 3,5; la limite propre au type Tactique et la condition écrite bornent la répétition.",Sources publiques russes et analyses RUSI groupées dans docs/05,False
RUS-155,Russie,Réparation de campagne,Tactique,Opération,2,,,,Un Appareil avec Formation gagne +3 Puissance jusqu’à la fin du tour.,"Budget cible S(2) = 2,5×2 + 1 = 6,0; la limite propre au type Tactique et la condition écrite bornent la répétition.",Sources publiques russes et analyses RUSI groupées dans docs/05,False
RUS-156,Russie,Réarmement accéléré,Tactique,Opération,2,,,,Retirez 2 dégâts d’un Appareil choisi; il ne peut pas accomplir de Mission ce tour.,"Budget cible S(2) = 2,5×2 + 1 = 6,0; la limite propre au type Tactique et la condition écrite bornent la répétition.",Sources publiques russes et analyses RUSI groupées dans docs/05,False
RUS-157,Russie,Planification centralisée,Tactique,Opération,3,,,,Infligez 2 dégâts à jusqu’à deux Appareils exposés.,"Budget cible S(3) = 2,5×3 + 1 = 8,5; la limite propre au type Tactique et la condition écrite bornent la répétition.",Sources publiques russes et analyses RUSI groupées dans docs/05,False
RUS-158,Russie,Exécution de secteur,Tactique,Opération,2,,,,Déployez un Appareil choisi de coût 3 ou moins pour 1 de moins; il arrive avec 1 dégât.,"Budget cible S(2) = 2,5×2 + 1 = 6,0; la limite propre au type Tactique et la condition écrite bornent la répétition.",Sources publiques russes et analyses RUSI groupées dans docs/05,False
RUS-159,Russie,Pression continue,Tactique,Opération,3,,,,Redressez un Appareil choisi de coût 4 ou moins; il ne peut qu’intercepter ce tour.,"Budget cible S(3) = 2,5×3 + 1 = 8,5; la limite propre au type Tactique et la condition écrite bornent la répétition.",Sources publiques russes et analyses RUSI groupées dans docs/05,False
RUS-160,Russie,Réserve opérationnelle,Tactique,Opération,4,,,,Vos Appareils avec Formation gagnent Barrage 1 jusqu’à la fin du tour.,"Budget cible S(4) = 2,5×4 + 1 = 11,0; la limite propre au type Tactique et la condition écrite bornent la répétition.",Sources publiques russes et analyses RUSI groupées dans docs/05,False
RUS-161,Russie,Poste de guidage au sol,Soutien,Commandement et logistique,2,,,,"Une fois par tour, un Appareil peut satisfaire Formation même si l’autre Appareil est engagé.","Budget cible S(2) = 2,5×2 + 1 = 6,0; la limite propre au type Soutien et la condition écrite bornent la répétition.",Sources publiques russes et analyses RUSI groupées dans docs/05,False
RUS-162,Russie,Centre de commandement de secteur,Soutien,Commandement et logistique,2,,,,Le premier Appareil qui intercepte à chaque tour gagne +1 Puissance.,"Budget cible S(2) = 2,5×2 + 1 = 6,0; la limite propre au type Soutien et la condition écrite bornent la répétition.",Sources publiques russes et analyses RUSI groupées dans docs/05,False
RUS-163,Russie,Réseau de défense aérienne intégré,Soutien,Commandement et logistique,3,,,,Vos Appareils avec Blindage reçoivent 1 dégât de moins du premier effet adverse chaque tour.,"Budget cible S(3) = 2,5×3 + 1 = 8,5; la limite propre au type Soutien et la condition écrite bornent la répétition.",Sources publiques russes et analyses RUSI groupées dans docs/05,False
RUS-164,Russie,Batterie S-400 en couverture,Soutien,Commandement et logistique,3,,,,"La première fois qu’un Appareil adverse accomplit une Mission à chaque tour, infligez-lui 1 dégât.","Budget cible S(3) = 2,5×3 + 1 = 8,5; la limite propre au type Soutien et la condition écrite bornent la répétition.",Sources publiques russes et analyses RUSI groupées dans docs/05,False
RUS-165,Russie,Batterie S-350 en couverture,Soutien,Commandement et logistique,2,,,,Vos Appareils de coût 4 ou moins gagnent +1 PV.,"Budget cible S(2) = 2,5×2 + 1 = 6,0; la limite propre au type Soutien et la condition écrite bornent la répétition.",Sources publiques russes et analyses RUSI groupées dans docs/05,False
RUS-166,Russie,Batterie Buk-M3 en couverture,Soutien,Commandement et logistique,2,,,,"Quand Barrage inflige des dégâts, vous pouvez déplacer 1 de ces dégâts vers une autre cible exposée.","Budget cible S(2) = 2,5×2 + 1 = 6,0; la limite propre au type Soutien et la condition écrite bornent la répétition.",Sources publiques russes et analyses RUSI groupées dans docs/05,False
RUS-167,Russie,Pantsir-S1 de protection,Soutien,Commandement et logistique,1,,,,"Le premier drone que vous déployez à chaque tour coûte 1 de moins, minimum 1.","Budget cible S(1) = 2,5×1 + 1 = 3,5; la limite propre au type Soutien et la condition écrite bornent la répétition.",Sources publiques russes et analyses RUSI groupées dans docs/05,False
RUS-168,Russie,Tor-M2 de proximité,Soutien,Commandement et logistique,1,,,,"Quand un de vos Appareils est détruit, regardez la première carte du deck; vous pouvez la placer dessous.","Budget cible S(1) = 2,5×1 + 1 = 3,5; la limite propre au type Soutien et la condition écrite bornent la répétition.",Sources publiques russes et analyses RUSI groupées dans docs/05,False
RUS-169,Russie,Radar Nebo-M,Soutien,Commandement et logistique,2,,,,"Une fois par tour, un Appareil peut satisfaire Formation même si l’autre Appareil est engagé.","Budget cible S(2) = 2,5×2 + 1 = 6,0; la limite propre au type Soutien et la condition écrite bornent la répétition.",Sources publiques russes et analyses RUSI groupées dans docs/05,False
RUS-170,Russie,Radar Podlet-K1,Soutien,Commandement et logistique,2,,,,Le premier Appareil qui intercepte à chaque tour gagne +1 Puissance.,"Budget cible S(2) = 2,5×2 + 1 = 6,0; la limite propre au type Soutien et la condition écrite bornent la répétition.",Sources publiques russes et analyses RUSI groupées dans docs/05,False
RUS-171,Russie,Radar Container,Soutien,Commandement et logistique,3,,,,Vos Appareils avec Blindage reçoivent 1 dégât de moins du premier effet adverse chaque tour.,"Budget cible S(3) = 2,5×3 + 1 = 8,5; la limite propre au type Soutien et la condition écrite bornent la répétition.",Sources publiques russes et analyses RUSI groupées dans docs/05,False
RUS-172,Russie,Poste Polyana-D4M1,Soutien,Commandement et logistique,3,,,,"La première fois qu’un Appareil adverse accomplit une Mission à chaque tour, infligez-lui 1 dégât.","Budget cible S(3) = 2,5×3 + 1 = 8,5; la limite propre au type Soutien et la condition écrite bornent la répétition.",Sources publiques russes et analyses RUSI groupées dans docs/05,False
RUS-173,Russie,Système Baikal-1M,Soutien,Commandement et logistique,2,,,,Vos Appareils de coût 4 ou moins gagnent +1 PV.,"Budget cible S(2) = 2,5×2 + 1 = 6,0; la limite propre au type Soutien et la condition écrite bornent la répétition.",Sources publiques russes et analyses RUSI groupées dans docs/05,False
RUS-174,Russie,Orbite A-50U,Soutien,Commandement et logistique,2,,,,"Quand Barrage inflige des dégâts, vous pouvez déplacer 1 de ces dégâts vers une autre cible exposée.","Budget cible S(2) = 2,5×2 + 1 = 6,0; la limite propre au type Soutien et la condition écrite bornent la répétition.",Sources publiques russes et analyses RUSI groupées dans docs/05,False
RUS-175,Russie,Régiment de ravitailleurs,Soutien,Commandement et logistique,1,,,,"Le premier drone que vous déployez à chaque tour coûte 1 de moins, minimum 1.","Budget cible S(1) = 2,5×1 + 1 = 3,5; la limite propre au type Soutien et la condition écrite bornent la répétition.",Sources publiques russes et analyses RUSI groupées dans docs/05,False
RUS-176,Russie,Régiment de transport,Soutien,Commandement et logistique,1,,,,"Quand un de vos Appareils est détruit, regardez la première carte du deck; vous pouvez la placer dessous.","Budget cible S(1) = 2,5×1 + 1 = 3,5; la limite propre au type Soutien et la condition écrite bornent la répétition.",Sources publiques russes et analyses RUSI groupées dans docs/05,False
RUS-177,Russie,Aérodrome dispersé,Soutien,Commandement et logistique,2,,,,"Une fois par tour, un Appareil peut satisfaire Formation même si l’autre Appareil est engagé.","Budget cible S(2) = 2,5×2 + 1 = 6,0; la limite propre au type Soutien et la condition écrite bornent la répétition.",Sources publiques russes et analyses RUSI groupées dans docs/05,False
RUS-178,Russie,Abri renforcé,Soutien,Commandement et logistique,2,,,,Le premier Appareil qui intercepte à chaque tour gagne +1 Puissance.,"Budget cible S(2) = 2,5×2 + 1 = 6,0; la limite propre au type Soutien et la condition écrite bornent la répétition.",Sources publiques russes et analyses RUSI groupées dans docs/05,False
RUS-179,Russie,Piste de dégagement,Soutien,Commandement et logistique,3,,,,Vos Appareils avec Blindage reçoivent 1 dégât de moins du premier effet adverse chaque tour.,"Budget cible S(3) = 2,5×3 + 1 = 8,5; la limite propre au type Soutien et la condition écrite bornent la répétition.",Sources publiques russes et analyses RUSI groupées dans docs/05,False
RUS-180,Russie,Équipe de maintenance de régiment,Soutien,Commandement et logistique,3,,,,"La première fois qu’un Appareil adverse accomplit une Mission à chaque tour, infligez-lui 1 dégât.","Budget cible S(3) = 2,5×3 + 1 = 8,5; la limite propre au type Soutien et la condition écrite bornent la répétition.",Sources publiques russes et analyses RUSI groupées dans docs/05,False
RUS-181,Russie,Atelier moteurs,Soutien,Commandement et logistique,2,,,,Vos Appareils de coût 4 ou moins gagnent +1 PV.,"Budget cible S(2) = 2,5×2 + 1 = 6,0; la limite propre au type Soutien et la condition écrite bornent la répétition.",Sources publiques russes et analyses RUSI groupées dans docs/05,False
RUS-182,Russie,Dépôt de pièces,Soutien,Commandement et logistique,2,,,,"Quand Barrage inflige des dégâts, vous pouvez déplacer 1 de ces dégâts vers une autre cible exposée.","Budget cible S(2) = 2,5×2 + 1 = 6,0; la limite propre au type Soutien et la condition écrite bornent la répétition.",Sources publiques russes et analyses RUSI groupées dans docs/05,False
RUS-183,Russie,Équipe de réarmement,Soutien,Commandement et logistique,1,,,,"Le premier drone que vous déployez à chaque tour coûte 1 de moins, minimum 1.","Budget cible S(1) = 2,5×1 + 1 = 3,5; la limite propre au type Soutien et la condition écrite bornent la répétition.",Sources publiques russes et analyses RUSI groupées dans docs/05,False
RUS-184,Russie,Stock de R-37M,Soutien,Commandement et logistique,1,,,,"Quand un de vos Appareils est détruit, regardez la première carte du deck; vous pouvez la placer dessous.","Budget cible S(1) = 2,5×1 + 1 = 3,5; la limite propre au type Soutien et la condition écrite bornent la répétition.",Sources publiques russes et analyses RUSI groupées dans docs/05,False
RUS-185,Russie,Stock de modules UMPK,Soutien,Commandement et logistique,2,,,,"Une fois par tour, un Appareil peut satisfaire Formation même si l’autre Appareil est engagé.","Budget cible S(2) = 2,5×2 + 1 = 6,0; la limite propre au type Soutien et la condition écrite bornent la répétition.",Sources publiques russes et analyses RUSI groupées dans docs/05,False
RUS-186,Russie,Cellule de planification Su-34,Soutien,Commandement et logistique,2,,,,Le premier Appareil qui intercepte à chaque tour gagne +1 Puissance.,"Budget cible S(2) = 2,5×2 + 1 = 6,0; la limite propre au type Soutien et la condition écrite bornent la répétition.",Sources publiques russes et analyses RUSI groupées dans docs/05,False
RUS-187,Russie,Cellule de reconnaissance,Soutien,Commandement et logistique,3,,,,Vos Appareils avec Blindage reçoivent 1 dégât de moins du premier effet adverse chaque tour.,"Budget cible S(3) = 2,5×3 + 1 = 8,5; la limite propre au type Soutien et la condition écrite bornent la répétition.",Sources publiques russes et analyses RUSI groupées dans docs/05,False
RUS-188,Russie,Station de contrôle Forpost-R,Soutien,Commandement et logistique,3,,,,"La première fois qu’un Appareil adverse accomplit une Mission à chaque tour, infligez-lui 1 dégât.","Budget cible S(3) = 2,5×3 + 1 = 8,5; la limite propre au type Soutien et la condition écrite bornent la répétition.",Sources publiques russes et analyses RUSI groupées dans docs/05,False
RUS-189,Russie,Station de contrôle Orion,Soutien,Commandement et logistique,2,,,,Vos Appareils de coût 4 ou moins gagnent +1 PV.,"Budget cible S(2) = 2,5×2 + 1 = 6,0; la limite propre au type Soutien et la condition écrite bornent la répétition.",Sources publiques russes et analyses RUSI groupées dans docs/05,False
RUS-190,Russie,Relais Orlan-10,Soutien,Commandement et logistique,2,,,,"Quand Barrage inflige des dégâts, vous pouvez déplacer 1 de ces dégâts vers une autre cible exposée.","Budget cible S(2) = 2,5×2 + 1 = 6,0; la limite propre au type Soutien et la condition écrite bornent la répétition.",Sources publiques russes et analyses RUSI groupées dans docs/05,False
RUS-191,Russie,Équipe de désignation Orlan-30,Soutien,Commandement et logistique,1,,,,"Le premier drone que vous déployez à chaque tour coûte 1 de moins, minimum 1.","Budget cible S(1) = 2,5×1 + 1 = 3,5; la limite propre au type Soutien et la condition écrite bornent la répétition.",Sources publiques russes et analyses RUSI groupées dans docs/05,False
RUS-192,Russie,Groupe d’hélicoptères avancé,Soutien,Commandement et logistique,1,,,,"Quand un de vos Appareils est détruit, regardez la première carte du deck; vous pouvez la placer dessous.","Budget cible S(1) = 2,5×1 + 1 = 3,5; la limite propre au type Soutien et la condition écrite bornent la répétition.",Sources publiques russes et analyses RUSI groupées dans docs/05,False
RUS-193,Russie,Point de ravitaillement de campagne,Soutien,Commandement et logistique,2,,,,"Une fois par tour, un Appareil peut satisfaire Formation même si l’autre Appareil est engagé.","Budget cible S(2) = 2,5×2 + 1 = 6,0; la limite propre au type Soutien et la condition écrite bornent la répétition.",Sources publiques russes et analyses RUSI groupées dans docs/05,False
RUS-194,Russie,Pont de transport Il-76,Soutien,Commandement et logistique,2,,,,Le premier Appareil qui intercepte à chaque tour gagne +1 Puissance.,"Budget cible S(2) = 2,5×2 + 1 = 6,0; la limite propre au type Soutien et la condition écrite bornent la répétition.",Sources publiques russes et analyses RUSI groupées dans docs/05,False
RUS-195,Russie,Détachement arctique,Soutien,Commandement et logistique,3,,,,Vos Appareils avec Blindage reçoivent 1 dégât de moins du premier effet adverse chaque tour.,"Budget cible S(3) = 2,5×3 + 1 = 8,5; la limite propre au type Soutien et la condition écrite bornent la répétition.",Sources publiques russes et analyses RUSI groupées dans docs/05,False
RUS-196,Russie,Aviation navale de secteur,Soutien,Commandement et logistique,3,,,,"La première fois qu’un Appareil adverse accomplit une Mission à chaque tour, infligez-lui 1 dégât.","Budget cible S(3) = 2,5×3 + 1 = 8,5; la limite propre au type Soutien et la condition écrite bornent la répétition.",Sources publiques russes et analyses RUSI groupées dans docs/05,False
RUS-197,Russie,Réseau de brouillage,Soutien,Commandement et logistique,2,,,,Vos Appareils de coût 4 ou moins gagnent +1 PV.,"Budget cible S(2) = 2,5×2 + 1 = 6,0; la limite propre au type Soutien et la condition écrite bornent la répétition.",Sources publiques russes et analyses RUSI groupées dans docs/05,False
RUS-198,Russie,Réserve de pilotes,Soutien,Commandement et logistique,2,,,,"Quand Barrage inflige des dégâts, vous pouvez déplacer 1 de ces dégâts vers une autre cible exposée.","Budget cible S(2) = 2,5×2 + 1 = 6,0; la limite propre au type Soutien et la condition écrite bornent la répétition.",Sources publiques russes et analyses RUSI groupées dans docs/05,False
RUS-199,Russie,Cellule de retour d’expérience,Soutien,Commandement et logistique,1,,,,"Le premier drone que vous déployez à chaque tour coûte 1 de moins, minimum 1.","Budget cible S(1) = 2,5×1 + 1 = 3,5; la limite propre au type Soutien et la condition écrite bornent la répétition.",Sources publiques russes et analyses RUSI groupées dans docs/05,False
RUS-200,Russie,Ravitaillement de base — TS-1,Ressource de base,Ravitaillement,0,,,,Engagez cette carte : produisez 1 ressource pour payer un coût.,"Carte basique : sa quantité est limitée par la construction du deck, pas par la règle des 2 copies.",Désignation de jeu; ressource abstraite,True
